,Query,Response
0, What is covered under my car insurance policy?," Your car insurance policy typically covers damages to your vehicle caused by accidents, theft, vandalism, and natural disasters. It may also provide liability coverage for injuries or property damage you cause to others."
1, How can I file a claim for my car insurance?," To file a claim for your car insurance, you can contact your insurance provider either online, over the phone, or in person. You will need to provide details about the incident, such as the date, time, and location, as well as any relevant documentation or evidence."
2, Can I add additional drivers to my car insurance policy?," Yes, you can usually add additional drivers to your car insurance policy, such as family members or friends who frequently drive your vehicle. However, adding more drivers may affect your premium rates."
3, What factors can affect my car insurance premium?," Several factors can affect your car insurance premium, including your driving record, age, location, type of vehicle, coverage limits, and deductible amount. Additionally, factors such as your credit score and previous claims history may also impact your premium."
4, Is roadside assistance included in my car insurance policy?," Some car insurance policies may include roadside assistance as an optional add-on or as part of a comprehensive coverage package. Roadside assistance typically provides services such as towing, fuel delivery, and tire changes in case of a breakdown."
5, Can I customize my car insurance coverage?," Yes, you can often customize your car insurance coverage to suit your specific needs and budget. This may include adding optional coverages such as rental car reimbursement, gap insurance, or uninsured motorist coverage."
6, What is the difference between comprehensive and collision coverage?," Comprehensive coverage typically protects your vehicle against non-collision related damages, such as theft, vandalism, or natural disasters. Collision coverage, on the other hand, covers damages to your vehicle caused by a collision with another vehicle or object."
7, How can I lower my car insurance premium?," You can lower your car insurance premium by maintaining a clean driving record, choosing a higher deductible, bundling your policies, or qualifying for discounts such as safe driver or multi-policy discounts."
8, What happens if I let my car insurance policy lapse?," If you let your car insurance policy lapse, you may face penalties such as higher premium rates, fines, or even license suspension. It is important to maintain continuous coverage to avoid these consequences."
9, Can I transfer my car insurance policy to a new vehicle?," Yes, you can usually transfer your car insurance policy to a new vehicle by contacting your insurance provider and providing details about the new vehicle. Your premium rates may be adjusted based on the make, model, and year of the new vehicle."
10, Does my car insurance policy cover rental cars?," Some car insurance policies may provide coverage for rental cars, either as a standard inclusion or as an optional add-on. It is important to check with your insurance provider to understand the extent of coverage for rental vehicles."
11, What is the process for renewing my car insurance policy?," The process for renewing your car insurance policy typically involves reviewing your coverage options, updating any changes in information, and paying the renewal premium. Your insurance provider may also offer discounts for renewing your policy."
12, Can I cancel my car insurance policy at any time?," You can usually cancel your car insurance policy at any time, but you may be subject to cancellation fees or penalties. It is important to check with your insurance provider to understand the terms and conditions of cancellation."
13, How does my credit score affect my car insurance premium?," Your credit score may impact your car insurance premium, as insurance companies often use it as a factor to determine your risk level. A higher credit score may result in lower premium rates, while a lower credit score may lead to higher rates."
14, What is the claims process for a hit-and-run accident under my car insurance policy?," In the event of a hit-and-run accident, you should report the incident to the police and your insurance provider as soon as possible. Your insurance company may require evidence such as witness statements or a police report to process the claim."
15, Can I change my coverage limits and deductible on my car insurance policy?," Yes, you can usually change your coverage limits and deductible on your car insurance policy to better suit your needs and budget. It is important to review these options with your insurance provider to ensure you have adequate coverage."
16, What is the difference between liability and comprehensive coverage in my car insurance policy?," Liability coverage typically protects you against claims for injuries or property damage you cause to others in an accident. Comprehensive coverage, on the other hand, covers damages to your vehicle from non-collision related incidents such as theft or vandalism."
17, Does my car insurance policy cover personal belongings left in my vehicle?," Some car insurance policies may provide coverage for personal belongings left in your vehicle, up to a certain limit. It is important to review your policy documents or contact your insurance provider to understand the extent of coverage."
18, Can I add roadside assistance to my car insurance policy after purchasing it?," Yes, you can usually add roadside assistance to your car insurance policy after purchasing it, either as a standalone add-on or as part of a comprehensive coverage package. It is important to check with your insurance provider for available options."
19, What is the process for disputing a claim denial under my car insurance policy?," If your car insurance claim is denied, you can dispute the decision by providing additional evidence or documentation to support your case. You may also seek assistance from your state insurance department or a legal advisor."
20, How does my driving record affect my car insurance premium?," Your driving record, including any traffic violations or accidents, can significantly impact your car insurance premium. A clean driving record with no claims or violations may result in lower premium rates, while a history of accidents or tickets may lead to higher rates."
21, Can I transfer my car insurance policy to another person?," In most cases, you cannot transfer your car insurance policy to another person. The new owner of the vehicle will need to obtain their own insurance policy in their name."
22, Does my car insurance policy cover rental reimbursement for a temporary replacement vehicle?, Some car insurance policies may provide rental reimbursement coverage for a temporary replacement vehicle while your car is being repaired after an accident. It is important to check with your insurance provider for specific details on this coverage.
23, Can I make changes to my car insurance policy mid-term?," Yes, you can usually make changes to your car insurance policy mid-term, such as adding or removing coverage options, updating your vehicle information, or changing your deductible amount. It is important to contact your insurance provider to make these changes."
24, What is the process for adding a new driver to my car insurance policy?," To add a new driver to your car insurance policy, you will need to provide their personal information, driving history, and relationship to you as the policyholder. Your insurance provider may adjust your premium rates based on the new driver's risk profile."
25, Does my car insurance policy cover me if I drive someone else's vehicle?," Your car insurance policy may provide coverage if you drive someone else's vehicle with their permission, but the extent of coverage may vary depending on the policy terms. It is important to check with your insurance provider for details on this scenario."
26, Can I suspend my car insurance policy if I am not using my vehicle for an extended period?," Some car insurance providers may offer the option to suspend your policy temporarily if you are not using your vehicle for an extended period, such as during a long trip or seasonal storage. It is important to check with your insurance provider for eligibility and terms."
27, What is the process for transferring my car insurance policy to a new state?," If you are moving to a new state, you will need to contact your insurance provider to update your policy information and coverage requirements. Your premium rates may be adjusted based on the new location and state regulations."
28, Can I add coverage for custom modifications to my vehicle under my car insurance policy?," Yes, you can usually add coverage for custom modifications to your vehicle under your car insurance policy, such as aftermarket parts, accessories, or performance upgrades. It is important to provide documentation and valuation of these modifications to your insurance provider."
29, What is the process for cancelling my car insurance policy if I no longer own a vehicle?," If you no longer own a vehicle and need to cancel your car insurance policy, you can contact your insurance provider to request cancellation. You may be eligible for a refund of any unused premium, depending on the terms of your policy."
30, Does my car insurance policy cover me if I drive for ridesharing services?, Some car insurance policies may provide coverage for drivers who use their vehicle for ridesharing services such as Uber or Lyft. It is important to check with your insurance provider for specific details on coverage for this scenario.
31, Can I add coverage for rental car insurance under my car insurance policy?," Yes, you can usually add coverage for rental car insurance under your car insurance policy, either as a standalone add-on or as part of a comprehensive coverage package. This coverage typically provides protection for rental vehicles in case of damage or theft."
32, What is the process for updating my address on my car insurance policy?," To update your address on your car insurance policy, you will need to contact your insurance provider and provide the new address information. Your premium rates may be adjusted based on the new location and state regulations."
33, Does my car insurance policy cover me if I drive a rental car?," Some car insurance policies may provide coverage for rental cars, but the extent of coverage may vary depending on the policy terms. It is important to check with your insurance provider for details on coverage for rental vehicles."
34, Can I add coverage for personal injury protection under my car insurance policy?," Yes, you can usually add coverage for personal injury protection under your car insurance policy, which provides medical expenses and lost wages coverage for you and your passengers in case of an accident. It is important to check with your insurance provider for available options."
35, What is the process for adding coverage for uninsured motorist protection under my car insurance policy?," To add coverage for uninsured motorist protection under your car insurance policy, you will need to contact your insurance provider and request this optional coverage. This coverage protects you in case of an accident with an uninsured or underinsured driver."
36, Can I add coverage for gap insurance under my car insurance policy?," Yes, you can usually add coverage for gap insurance under your car insurance policy, which covers the difference between the actual cash value of your vehicle and the amount you owe on a loan or lease in case of a total loss. It is important to check with your insurance provider for available options."
37, What is the process for adding coverage for roadside assistance under my car insurance policy?," To add coverage for roadside assistance under your car insurance policy, you will need to contact your insurance provider and request this optional add-on. Roadside assistance typically provides services such as towing, fuel delivery, and tire changes in case of a breakdown."
38, Can I add coverage for rental reimbursement under my car insurance policy?," Yes, you can usually add coverage for rental reimbursement under your car insurance policy, which provides reimbursement for rental car expenses while your vehicle is being repaired after an accident. It is important to check with your insurance provider for available options."
39, What is the process for adding coverage for rental car insurance under my car insurance policy?," To add coverage for rental car insurance under your car insurance policy, you will need to contact your insurance provider and request this optional add-on. This coverage typically provides protection for rental vehicles in case of damage or theft."
40, Can I add coverage for personal belongings under my car insurance policy?," Some car insurance policies may provide coverage for personal belongings left in your vehicle, up to a certain limit. You can usually add coverage for personal belongings under your policy by contacting your insurance provider and requesting this optional coverage."
41, What is the process for adding coverage for custom modifications under my car insurance policy?," To add coverage for custom modifications under your car insurance policy, you will need to provide documentation and valuation of these modifications to your insurance provider. Your premium rates may be adjusted based on the value of the custom modifications."
42, Can I add coverage for rental car reimbursement under my car insurance policy?," Yes, you can usually add coverage for rental car reimbursement under your car insurance policy, which provides reimbursement for rental car expenses while your vehicle is being repaired after an accident. It is important to check with your insurance provider for available options."
43, What is the process for adding coverage for personal injury protection under my car insurance policy?," To add coverage for personal injury protection under your car insurance policy, you will need to contact your insurance provider and request this optional coverage. This coverage provides medical expenses and lost wages coverage for you and your passengers in case of an accident."
44, Can I add coverage for uninsured motorist protection under my car insurance policy?," Yes, you can usually add coverage for uninsured motorist protection under your car insurance policy, which protects you in case of an accident with an uninsured or underinsured driver. It is important to check with your insurance provider for available options."
45, What is the process for adding coverage for gap insurance under my car insurance policy?," To add coverage for gap insurance under your car insurance policy, you will need to contact your insurance provider and request this optional coverage. Gap insurance covers the difference between the actual cash value of your vehicle and the amount you owe on a loan or lease in case of a total loss."
46, Can I add coverage for roadside assistance under my car insurance policy?," Yes, you can usually add coverage for roadside assistance under your car insurance policy, which provides services such as towing, fuel delivery, and tire changes in case of a breakdown. It is important to check with your insurance provider for available options."
47, What is the process for adding coverage for rental reimbursement under my car insurance policy?," To add coverage for rental reimbursement under your car insurance policy, you will need to contact your insurance provider and request this optional coverage. Rental reimbursement provides reimbursement for rental car expenses while your vehicle is being repaired after an accident."
48, Can I add coverage for rental car insurance under my car insurance policy?," Yes, you can usually add coverage for rental car insurance under your car insurance policy, which provides protection for rental vehicles in case of damage or theft. It is important to check with your insurance provider for available options."
49, What is the process for adding coverage for personal belongings under my car insurance policy?," To add coverage for personal belongings under your car insurance policy, you will need to contact your insurance provider and request this optional coverage. Some policies may provide coverage for personal belongings left in your vehicle, up to a certain limit."
